INN;CUSTOMER_TYPE;ACC_BALANCE_RUR;REGISTRATION_DT;CRM_CA_TB_NM;TOTAL_CNT;GROUP
0;ИП;4599501.73;4361;Северо-Западный банк;20;1
1;Юр. лицо;497001.05;3499;Центральный аппарат;0;0
2;ИП;4665023.98;2368;Центрально-Черноземный банк;17;0
3;ИП;2269175.7;2666;Среднерусский банк;4;0
4;ИП;5279232.45;4389;Поволжский банк;0;0
5;Юр. лицо;1714476.79;4749;Центрально-Черноземный банк;13;0
6;ИП;219421.37;2806;Волго-Вятский банк;11;0
7;ИП;1851229.16;5203;Байкальский банк;14;0
8;ИП;2175152.57;3341;Центрально-Черноземный банк;25;1
9;ИП;1393606.05;4509;Уральский банк;22;0
10;ИП;4563456.76;6395;Центральный аппарат;11;1
11;ИП;2679377.3;5055;Юго-Западный банк;16;1
12;Юр. лицо;1458683.63;6547;Сибирский банк;17;0
13;ИП;3812762.19;6349;Байкальский банк;8;0
14;Юр. лицо;4212715.93;3313;Юго-Западный банк;11;0
15;Юр. лицо;281044.26;4547;Волго-Вятский банк;2;0
16;ИП;4105706.77;5386;Поволжский банк;0;1
17;ИП;5461299.73;3835;Центральный аппарат;17;1
18;ИП;1198310.52;5077;Сибирский банк;9;0
19;ИП;1887464.18;3835;Байкальский банк;17;1
20;Юр. лицо;2690741.58;2855;Северо-Западный банк;4;0
21;ИП;106840.46;3166;Сибирский банк;21;1
22;ИП;3061890.36;3260;Северо-Западный банк;13;1
23;ИП;5111839.93;5450;Юго-Западный банк;19;0
24;Юр. лицо;388353.6;6026;Юго-Западный банк;23;1
25;ИП;1591608.84;4919;Центральный аппарат;16;1
26;ИП;2865363.9;3270;Московский банк;17;1
27;ИП;3012289.79;5489;Волго-Вятский банк;1;0
28;ИП;3134558.04;4464;Уральский банк;3;0
29;ИП;1700093.35;4697;Центральный аппарат;3;1
30;Юр. лицо;461256.36;2901;Центральный аппарат;11;1
31;Юр. лицо;2936795.05;4760;Центрально-Черноземный банк;18;1
32;Юр. лицо;3065789.68;2804;Северо-Западный банк;18;1
33;ИП;1309006.57;2720;Центрально-Черноземный банк;7;0
34;ИП;331420.1;2620;Волго-Вятский банк;5;0
35;Юр. лицо;3770328.31;5052;Сибирский банк;12;0
36;Юр. лицо;5322216.27;2529;Среднерусский банк;1;1
37;Юр. лицо;2290939.6;2395;Юго-Западный банк;10;1
38;ИП;3131426.53;6278;Московский банк;18;1
39;ИП;2218861.95;4934;Центрально-Черноземный банк;19;0
40;ИП;3229279.96;4641;Волго-Вятский банк;12;1
41;Юр. лицо;2033385.2;4533;Сибирский банк;9;1
42;ИП;728147.0;4176;Северо-Западный банк;13;0
43;ИП;3564849.02;2929;Московский банк;2;0
44;ИП;617081.65;2559;Сибирский банк;10;0
45;Юр. лицо;1953618.78;4237;Дальневосточный банк;4;0
46;Юр. лицо;1459922.83;3743;Дальневосточный банк;4;0
47;Юр. лицо;4862852.29;2390;Дальневосточный банк;11;1
48;Юр. лицо;1568515.48;3181;Сибирский банк;16;0
49;ИП;2614897.67;6387;Байкальский банк;7;0
50;Юр. лицо;3943839.45;4211;Волго-Вятский банк;14;0
51;ИП;1177532.59;6636;Московский банк;6;0
52;Юр. лицо;5300301.92;4200;Сибирский банк;8;0
53;Юр. лицо;5301601.7;3421;Центральный аппарат;8;0
54;ИП;1490008.75;6648;Дальневосточный банк;9;0
55;Юр. лицо;4060846.2;3234;Сибирский банк;17;0
56;Юр. лицо;5677509.57;4252;Юго-Западный банк;14;0
57;ИП;5187514.94;3153;Юго-Западный банк;10;1
58;ИП;1356226.58;3499;Поволжский банк;18;0
59;Юр. лицо;1866550.35;5733;Байкальский банк;7;1
60;ИП;3631872.95;6414;Байкальский банк;17;1
61;ИП;542345.78;3721;Волго-Вятский банк;0;0
62;Юр. лицо;3626297.55;3470;Среднерусский банк;8;1
63;Юр. лицо;3063649.23;5874;Центральный аппарат;8;1
64;Юр. лицо;4701558.59;6248;Сибирский банк;25;1
65;ИП;3427305.28;5437;Среднерусский банк;6;0
66;ИП;5039813.26;3688;Северо-Западный банк;11;0
67;ИП;1563440.08;5051;Московский банк;10;0
68;ИП;1411473.71;5596;Московский банк;3;1
69;ИП;3394205.15;3759;Московский банк;9;1
70;ИП;1041735.33;3509;Поволжский банк;24;0
71;ИП;1218505.12;6658;Поволжский банк;23;0
72;ИП;3809424.88;5082;Северо-Западный банк;20;1
73;Юр. лицо;495999.05;4827;Центральный аппарат;12;1
74;Юр. лицо;1048643.66;4219;Поволжский банк;7;1
75;Юр. лицо;2661705.43;3653;Среднерусский банк;1;1
76;ИП;3857575.14;4243;Среднерусский банк;3;1
77;ИП;2756550.07;5438;Северо-Западный банк;2;0
78;ИП;1460968.98;3357;Дальневосточный банк;16;1
79;Юр. лицо;4335896.51;3997;Северо-Западный банк;17;1
80;ИП;113556.17;4532;Центрально-Черноземный банк;12;1
81;ИП;4472303.57;5853;Центрально-Черноземный банк;8;1
82;ИП;1076614.2;4718;Байкальский банк;20;1
83;Юр. лицо;837112.74;3376;Центрально-Черноземный банк;11;1
84;Юр. лицо;3805897.71;5863;Дальневосточный банк;17;0
85;Юр. лицо;4110535.39;2762;Уральский банк;6;1
86;Юр. лицо;368136.25;6270;Байкальский банк;25;0
87;Юр. лицо;2760338.45;6208;Северо-Западный банк;3;1
88;Юр. лицо;2196514.04;4496;Юго-Западный банк;7;1
89;Юр. лицо;1250244.58;4476;Северо-Западный банк;18;1
90;ИП;2412468.82;6315;Центральный аппарат;20;0
91;Юр. лицо;2484105.8;6348;Дальневосточный банк;0;1
92;Юр. лицо;2456733.0;3242;Среднерусский банк;15;0
93;Юр. лицо;504855.2;2800;Поволжский банк;17;1
94;Юр. лицо;5120770.95;2358;Московский банк;9;1
95;Юр. лицо;2056330.83;2979;Московский банк;21;0
96;ИП;1954533.59;3081;Уральский банк;9;0
97;Юр. лицо;5153104.67;3425;Байкальский банк;22;1
98;ИП;2908054.03;2963;Среднерусский банк;4;0
99;ИП;1602479.12;4092;Центрально-Черноземный банк;1;1
100;Юр. лицо;4599071.17;2586;Сибирский банк;24;0
101;ИП;3685559.54;4826;Поволжский банк;21;1
102;ИП;565769.25;6551;Сибирский банк;6;1
103;ИП;4178106.94;6287;Сибирский банк;18;1
104;ИП;869177.9;5064;Сибирский банк;2;1
105;Юр. лицо;2814742.7;4191;Дальневосточный банк;7;0
106;Юр. лицо;801073.19;2365;Поволжский банк;20;0
107;ИП;510559.98;5778;Волго-Вятский банк;3;0
108;Юр. лицо;5510825.91;3730;Волго-Вятский банк;2;0
109;Юр. лицо;4578196.7;2383;Московский банк;6;0
110;Юр. лицо;2182141.99;5151;Центрально-Черноземный банк;0;1
111;Юр. лицо;5473403.76;4669;Волго-Вятский банк;12;1
112;Юр. лицо;5621931.47;2770;Уральский банк;22;1
113;Юр. лицо;2126033.65;6232;Сибирский банк;7;1
114;ИП;3440460.25;4102;Среднерусский банк;23;0
115;ИП;5280223.03;2704;Северо-Западный банк;18;1
116;ИП;2853964.06;4204;Уральский банк;11;1
117;ИП;1765483.7;6393;Байкальский банк;15;1
118;Юр. лицо;5346017.69;5771;Волго-Вятский банк;11;0
119;ИП;2443873.71;2375;Байкальский банк;11;1
120;Юр. лицо;1265274.92;3743;Юго-Западный банк;2;0
121;Юр. лицо;3733326.36;3673;Центральный аппарат;8;0
122;ИП;4985254.75;6519;Уральский банк;19;1
123;Юр. лицо;4230581.84;4586;Поволжский банк;20;0
124;Юр. лицо;1015531.61;4715;Волго-Вятский банк;4;1
125;ИП;446632.05;3882;Центрально-Черноземный банк;24;0
126;Юр. лицо;132578.34;3740;Центрально-Черноземный банк;12;1
127;ИП;1141895.05;4574;Байкальский банк;21;0
128;Юр. лицо;2858102.58;4762;Московский банк;21;1
129;ИП;4034024.93;6310;Северо-Западный банк;12;0
130;Юр. лицо;3934727.13;2366;Центральный аппарат;2;1
131;ИП;2170702.41;4834;Московский банк;4;0
132;ИП;3763426.65;3807;Центрально-Черноземный банк;25;1
133;ИП;1855932.93;6358;Центральный аппарат;13;1
134;Юр. лицо;4294060.57;4623;Сибирский банк;19;1
135;Юр. лицо;2946809.38;4593;Юго-Западный банк;0;0
136;Юр. лицо;2004440.51;4339;Уральский банк;11;1
137;ИП;978501.07;4637;Юго-Западный банк;15;0
138;ИП;2098254.71;5807;Сибирский банк;4;0
139;ИП;2996029.8;2777;Байкальский банк;9;0
140;Юр. лицо;2359000.71;6549;Уральский банк;5;0
141;ИП;4002755.93;4073;Центрально-Черноземный банк;12;0
142;ИП;718976.68;4189;Байкальский банк;12;1
143;Юр. лицо;5016824.5;5694;Юго-Западный банк;22;0
144;ИП;3277992.25;4558;Московский банк;13;1
145;Юр. лицо;1716733.35;5205;Поволжский банк;15;1
146;ИП;2930702.11;6376;Волго-Вятский банк;3;0
147;Юр. лицо;5623855.35;3353;Сибирский банк;11;1
148;Юр. лицо;4553751.7;2731;Байкальский банк;21;1
149;ИП;5134865.33;4464;Центрально-Черноземный банк;11;1
150;ИП;3286885.8;5083;Сибирский банк;3;0
151;Юр. лицо;1973536.35;3363;Среднерусский банк;9;1
152;ИП;4696924.54;2688;Среднерусский банк;19;1
153;ИП;4995126.37;4241;Уральский банк;3;0
154;ИП;2192097.63;4006;Дальневосточный банк;5;0
155;Юр. лицо;1851400.04;5939;Уральский банк;12;0
156;ИП;5694257.11;2390;Сибирский банк;8;0
157;Юр. лицо;1692512.76;6638;Юго-Западный банк;6;1
158;ИП;241476.08;2980;Сибирский банк;4;0
159;ИП;4403585.0;3630;Центрально-Черноземный банк;0;1
160;Юр. лицо;3247414.85;5556;Московский банк;0;0
161;ИП;3456478.28;3430;Центрально-Черноземный банк;14;0
162;Юр. лицо;4888081.15;5329;Северо-Западный банк;22;1
163;Юр. лицо;3928537.53;4813;Сибирский банк;4;1
164;Юр. лицо;3761248.5;3577;Сибирский банк;5;0
165;Юр. лицо;422921.58;5907;Центральный аппарат;16;0
166;Юр. лицо;948631.09;2492;Дальневосточный банк;2;1
167;ИП;2885941.97;3753;Центрально-Черноземный банк;22;0
168;ИП;5659271.49;5672;Дальневосточный банк;13;1
169;Юр. лицо;1953654.24;4193;Байкальский банк;11;1
170;ИП;550677.08;4589;Байкальский банк;2;1
171;Юр. лицо;653123.67;6072;Сибирский банк;18;0
172;ИП;4019622.14;2577;Центрально-Черноземный банк;14;1
173;Юр. лицо;4722273.5;2893;Волго-Вятский банк;9;0
174;ИП;511747.5;3905;Юго-Западный банк;9;0
175;Юр. лицо;4856792.55;5216;Уральский банк;22;0
176;ИП;3962897.9;3290;Центрально-Черноземный банк;10;1
177;ИП;2406420.73;5339;Байкальский банк;23;1
178;ИП;234812.35;3588;Поволжский банк;19;0
179;ИП;5593311.73;4156;Северо-Западный банк;14;0
180;Юр. лицо;2818126.95;5284;Байкальский банк;1;0
181;ИП;4000941.6;3085;Среднерусский банк;6;1
182;Юр. лицо;4091625.5;2964;Уральский банк;18;0
183;Юр. лицо;2168117.2;4684;Северо-Западный банк;11;1
184;ИП;3727456.48;4034;Байкальский банк;4;1
185;ИП;3326939.52;4141;Уральский банк;16;0
186;ИП;3215193.81;4343;Центрально-Черноземный банк;10;1
187;Юр. лицо;4593942.66;5296;Центральный аппарат;15;0
188;ИП;4238984.2;3548;Дальневосточный банк;9;0
189;ИП;4052770.53;6171;Московский банк;9;1
190;ИП;428722.17;3861;Сибирский банк;22;0
191;Юр. лицо;567261.53;2469;Сибирский банк;1;0
192;Юр. лицо;438473.12;3154;Уральский банк;20;1
193;ИП;5269723.42;3094;Поволжский банк;5;1
194;ИП;3566978.27;3993;Юго-Западный банк;17;0
195;Юр. лицо;2213566.49;5277;Центрально-Черноземный банк;13;0
196;ИП;4536225.56;2892;Волго-Вятский банк;24;1
197;Юр. лицо;3261414.31;2484;Волго-Вятский банк;24;1
198;Юр. лицо;3715912.9;3110;Сибирский банк;22;0
199;ИП;4999672.07;3525;Волго-Вятский банк;20;0
200;Юр. лицо;2192000.52;4200;Байкальский банк;5;1
201;Юр. лицо;2470579.85;3110;Юго-Западный банк;20;0
202;ИП;3171786.57;4371;Среднерусский банк;19;0
203;ИП;4975981.4;5995;Центральный аппарат;13;1
204;ИП;1318527.26;4436;Среднерусский банк;6;0
205;Юр. лицо;2366947.24;3522;Поволжский банк;17;1
206;Юр. лицо;5374998.41;6516;Московский банк;16;0
207;Юр. лицо;4822611.88;5507;Волго-Вятский банк;21;1
208;Юр. лицо;3666520.96;2833;Центральный аппарат;0;1
209;ИП;2107098.5;4524;Уральский банк;1;1
210;Юр. лицо;5474650.45;5668;Поволжский банк;12;1
211;ИП;1684671.27;4129;Волго-Вятский банк;6;0
212;ИП;5448600.79;2749;Уральский банк;17;1
213;Юр. лицо;4145622.4;6500;Поволжский банк;19;1
214;ИП;4367766.79;5023;Дальневосточный банк;2;0
215;ИП;5637769.95;5076;Московский банк;15;0
216;ИП;4771045.78;4771;Юго-Западный банк;16;0
217;Юр. лицо;3231048.31;6104;Среднерусский банк;19;0
218;Юр. лицо;4378613.05;3090;Среднерусский банк;11;0
219;ИП;4877939.21;6264;Юго-Западный банк;25;0
220;Юр. лицо;5610966.85;3524;Московский банк;22;0
221;Юр. лицо;3228591.4;4590;Центральный аппарат;2;0
222;Юр. лицо;4303530.12;3274;Северо-Западный банк;14;1
223;ИП;5688784.82;5644;Среднерусский банк;17;1
224;ИП;4295665.93;3357;Уральский банк;4;0
225;ИП;1919476.19;4274;Среднерусский банк;10;0
226;ИП;3144064.31;2906;Сибирский банк;22;0
227;Юр. лицо;96824.76;4118;Байкальский банк;12;1
228;ИП;491668.95;4065;Центральный аппарат;15;1
229;Юр. лицо;986472.99;4503;Дальневосточный банк;20;0
230;ИП;1091554.74;2784;Сибирский банк;8;1
231;Юр. лицо;355848.06;6230;Сибирский банк;20;1
232;Юр. лицо;5035449.82;4160;Среднерусский банк;20;0
233;ИП;3382855.0;5086;Северо-Западный банк;0;1
234;Юр. лицо;3005377.6;3333;Юго-Западный банк;14;0
235;ИП;4419871.21;4945;Уральский банк;7;0
236;Юр. лицо;1058692.94;3841;Северо-Западный банк;2;0
237;Юр. лицо;1812259.47;5217;Дальневосточный банк;1;0
238;Юр. лицо;478217.77;5170;Центрально-Черноземный банк;15;0
239;ИП;2087592.48;4796;Волго-Вятский банк;18;1
240;ИП;358747.23;3463;Байкальский банк;24;0
241;ИП;4674407.59;3089;Волго-Вятский банк;25;0
242;Юр. лицо;2403067.79;5969;Центрально-Черноземный банк;0;1
243;ИП;555568.9;4064;Поволжский банк;24;0
244;ИП;1370039.78;6371;Сибирский банк;14;1
245;ИП;2633452.29;3041;Центральный аппарат;16;1
246;ИП;4431626.26;3604;Среднерусский банк;25;0
247;Юр. лицо;3522601.76;4965;Сибирский банк;22;1
248;ИП;3949890.13;5160;Центральный аппарат;22;1
249;ИП;4278055.76;6490;Среднерусский банк;18;0
250;ИП;3094044.08;3739;Байкальский банк;5;0
251;ИП;1302935.57;3812;Волго-Вятский банк;19;1
252;Юр. лицо;3384716.83;6439;Поволжский банк;23;1
253;ИП;4173542.49;2462;Уральский банк;1;0
254;Юр. лицо;2288748.87;3691;Уральский банк;25;0
255;Юр. лицо;1368656.04;6317;Сибирский банк;24;0
256;Юр. лицо;5495119.71;5670;Центрально-Черноземный банк;24;0
257;ИП;179546.96;2801;Среднерусский банк;21;1
258;Юр. лицо;375746.13;3489;Уральский банк;16;1
259;Юр. лицо;1269619.45;6076;Центральный аппарат;7;1
260;Юр. лицо;3331098.55;3783;Московский банк;18;0
261;Юр. лицо;1331103.97;5050;Центрально-Черноземный банк;2;1
262;ИП;990229.48;3396;Центральный аппарат;25;0
263;ИП;1781037.73;4895;Дальневосточный банк;21;0
264;ИП;790901.95;2825;Московский банк;16;1
265;Юр. лицо;5586660.75;4702;Среднерусский банк;18;1
266;ИП;1944200.49;2491;Волго-Вятский банк;16;1
267;Юр. лицо;5587314.12;2380;Дальневосточный банк;15;1
268;Юр. лицо;455704.18;3694;Байкальский банк;19;1
269;Юр. лицо;3950414.76;3909;Поволжский банк;0;0
270;Юр. лицо;2812422.35;2757;Сибирский банк;11;1
271;Юр. лицо;2104882.59;3223;Волго-Вятский банк;6;1
272;ИП;3899122.87;6575;Байкальский банк;22;0
273;Юр. лицо;1786418.59;3658;Московский банк;24;0
274;Юр. лицо;3800050.49;5826;Дальневосточный банк;2;1
275;ИП;5084663.6;4396;Центрально-Черноземный банк;24;1
276;Юр. лицо;2627241.71;2857;Уральский банк;17;0
277;ИП;2266283.4;6092;Уральский банк;1;1
278;Юр. лицо;4468148.3;2533;Волго-Вятский банк;1;1
279;ИП;2832050.68;4133;Байкальский банк;12;1
280;ИП;4906800.18;3860;Среднерусский банк;4;1
281;ИП;5272790.96;3060;Московский банк;18;1
282;ИП;3425901.46;3424;Центрально-Черноземный банк;24;1
283;Юр. лицо;5102081.53;2928;Московский банк;8;1
284;Юр. лицо;5329447.54;2397;Северо-Западный банк;9;1
285;ИП;5398765.5;4346;Юго-Западный банк;2;0
286;ИП;565988.81;5876;Сибирский банк;18;1
287;Юр. лицо;2014403.74;3916;Юго-Западный банк;7;1
288;Юр. лицо;4538560.15;5485;Северо-Западный банк;1;0
289;ИП;4763417.25;6181;Поволжский банк;15;0
290;Юр. лицо;1548848.41;2754;Северо-Западный банк;23;0
291;ИП;481344.18;4658;Юго-Западный банк;17;0
292;ИП;1866066.84;2773;Центральный аппарат;8;1
293;Юр. лицо;3569947.79;4793;Центральный аппарат;4;0
294;Юр. лицо;5652578.23;4459;Северо-Западный банк;16;1
295;Юр. лицо;4161845.32;3782;Северо-Западный банк;24;1
296;Юр. лицо;1845286.93;6124;Уральский банк;12;1
297;ИП;2502788.35;5367;Байкальский банк;13;0
298;ИП;5231994.49;4674;Байкальский банк;18;0
299;Юр. лицо;5502654.52;3792;Байкальский банк;16;1
300;ИП;1871533.6;4186;Центральный аппарат;13;1
301;Юр. лицо;2627196.2;3915;Северо-Западный банк;3;0
302;Юр. лицо;2999834.18;5991;Сибирский банк;23;1
303;ИП;2633413.13;3649;Юго-Западный банк;17;0
304;Юр. лицо;1915953.97;5954;Центральный аппарат;0;0
305;ИП;1277384.69;6325;Байкальский банк;2;1
306;Юр. лицо;4136720.88;3780;Поволжский банк;23;1
307;ИП;1758696.46;2918;Волго-Вятский банк;24;1
308;ИП;4351412.04;4363;Центрально-Черноземный банк;6;0
309;ИП;5596334.13;2730;Центрально-Черноземный банк;23;0
310;Юр. лицо;3084744.89;4761;Северо-Западный банк;18;1
311;ИП;4274416.0;3224;Юго-Западный банк;2;1
312;ИП;1552910.93;4193;Юго-Западный банк;12;0
313;Юр. лицо;1726668.21;3471;Поволжский банк;6;1
314;ИП;4902193.56;5447;Центральный аппарат;20;0
315;ИП;3568816.42;3917;Центрально-Черноземный банк;5;1
316;Юр. лицо;3897461.64;4863;Волго-Вятский банк;21;1
317;ИП;4617313.78;2426;Волго-Вятский банк;1;0
318;ИП;5296281.7;4732;Байкальский банк;3;0
319;ИП;2881746.4;3001;Уральский банк;12;1
320;ИП;680636.46;6418;Байкальский банк;7;1
321;ИП;3480984.64;4223;Уральский банк;25;1
322;ИП;2053665.28;3701;Уральский банк;2;1
323;ИП;3373118.04;6278;Дальневосточный банк;14;1
324;ИП;3841551.87;2368;Московский банк;17;0
325;ИП;2998974.48;6118;Среднерусский банк;18;1
326;ИП;5550126.99;6032;Уральский банк;14;1
327;Юр. лицо;5204425.54;5894;Дальневосточный банк;7;0
328;ИП;273553.13;4747;Дальневосточный банк;16;1
329;ИП;5365571.24;6128;Волго-Вятский банк;21;1
330;ИП;5308814.14;3382;Уральский банк;17;1
331;Юр. лицо;3564117.73;4376;Центрально-Черноземный банк;19;1
332;ИП;4523974.93;5182;Среднерусский банк;9;1
333;Юр. лицо;368650.23;2500;Дальневосточный банк;14;1
334;ИП;1029972.38;6307;Среднерусский банк;11;0
335;ИП;2219876.05;6550;Уральский банк;23;1
336;Юр. лицо;5154637.11;4197;Северо-Западный банк;6;0
337;Юр. лицо;2727397.61;3088;Юго-Западный банк;21;0
338;Юр. лицо;4918544.91;5785;Байкальский банк;17;0
339;ИП;575694.6;4172;Московский банк;25;0
340;Юр. лицо;3836887.4;5504;Центрально-Черноземный банк;9;1
341;ИП;5194896.25;2698;Юго-Западный банк;20;1
342;Юр. лицо;3405839.75;3352;Поволжский банк;8;0
343;Юр. лицо;2073039.8;5622;Северо-Западный банк;10;1
344;Юр. лицо;2042627.1;3046;Среднерусский банк;11;0
345;Юр. лицо;2059869.2;3613;Поволжский банк;18;1
346;Юр. лицо;172795.77;4674;Северо-Западный банк;6;0
347;Юр. лицо;1662939.98;4673;Московский банк;21;0
348;Юр. лицо;4610157.54;3874;Сибирский банк;4;0
349;ИП;3605766.47;4663;Московский банк;13;1
350;Юр. лицо;5383606.38;6120;Северо-Западный банк;22;0
351;Юр. лицо;4554216.2;4126;Московский банк;22;0
352;Юр. лицо;437707.14;5259;Московский банк;17;0
353;Юр. лицо;831781.09;4607;Уральский банк;18;1
354;ИП;4029247.66;5345;Среднерусский банк;10;0
355;ИП;4204199.0;6323;Центрально-Черноземный банк;9;0
356;ИП;4808127.88;6244;Московский банк;25;0
357;ИП;1656479.12;6297;Уральский банк;4;0
358;Юр. лицо;3951363.11;2378;Поволжский банк;23;1
359;Юр. лицо;2856687.65;4337;Центральный аппарат;13;1
360;Юр. лицо;5498114.6;6040;Центрально-Черноземный банк;1;1
361;Юр. лицо;4542378.09;4080;Северо-Западный банк;17;1
362;ИП;2740532.35;5652;Сибирский банк;20;1
363;ИП;672776.24;2524;Дальневосточный банк;19;1
364;ИП;3442949.62;5744;Уральский банк;9;0
365;ИП;1847293.77;2480;Юго-Западный банк;25;1
366;ИП;3118380.21;4297;Юго-Западный банк;24;1
367;ИП;2137761.24;5989;Дальневосточный банк;12;1
368;Юр. лицо;3035732.19;2667;Дальневосточный банк;0;1
369;Юр. лицо;799649.65;3765;Среднерусский банк;10;0
370;ИП;2020334.37;3240;Уральский банк;10;1
371;Юр. лицо;4342542.78;4922;Среднерусский банк;24;1
372;ИП;5371534.45;4054;Поволжский банк;15;0
373;Юр. лицо;1884041.47;5091;Центральный аппарат;8;0
374;Юр. лицо;4215022.49;5304;Сибирский банк;13;1
375;Юр. лицо;5435775.98;3898;Юго-Западный банк;25;1
376;ИП;5222774.58;3775;Байкальский банк;8;1
377;Юр. лицо;2412903.29;2496;Юго-Западный банк;11;1
378;ИП;5626172.51;4843;Сибирский банк;1;1
379;Юр. лицо;420747.65;2453;Московский банк;13;1
380;Юр. лицо;5083469.58;5818;Среднерусский банк;4;1
381;Юр. лицо;934040.72;5428;Среднерусский банк;0;0
382;Юр. лицо;3511128.43;2388;Центрально-Черноземный банк;9;0
383;ИП;1486530.72;2371;Юго-Западный банк;25;0
384;Юр. лицо;283297.44;3663;Уральский банк;15;1
385;Юр. лицо;2054527.09;6130;Центрально-Черноземный банк;11;1
386;ИП;1280327.43;2677;Уральский банк;0;1
387;Юр. лицо;158548.23;4861;Центральный аппарат;24;1
388;Юр. лицо;375537.62;5355;Юго-Западный банк;6;0
389;Юр. лицо;5213131.73;4730;Центральный аппарат;3;0
390;ИП;874855.25;2817;Центрально-Черноземный банк;9;1
391;Юр. лицо;3148818.65;4622;Юго-Западный банк;12;0
392;ИП;89068.87;5127;Юго-Западный банк;14;0
393;ИП;3973172.3;6366;Центральный аппарат;10;0
394;Юр. лицо;749448.68;5093;Сибирский банк;15;0
395;ИП;3530130.12;2821;Центральный аппарат;7;0
396;Юр. лицо;2720924.23;4634;Уральский банк;8;1
397;Юр. лицо;5478194.26;4482;Волго-Вятский банк;15;0
398;ИП;2466581.41;4606;Центральный аппарат;16;0
399;Юр. лицо;4500212.86;5356;Волго-Вятский банк;16;0
400;Юр. лицо;4812450.22;3851;Байкальский банк;18;0
401;ИП;1298210.65;2383;Дальневосточный банк;1;0
402;ИП;595506.59;5443;Байкальский банк;11;1
403;ИП;566067.93;4667;Центральный аппарат;7;1
404;Юр. лицо;1089845.82;6097;Сибирский банк;4;0
405;ИП;1798553.37;4727;Московский банк;9;1
406;Юр. лицо;944178.05;3363;Юго-Западный банк;12;0
407;Юр. лицо;2082920.53;5459;Волго-Вятский банк;19;0
408;Юр. лицо;3237805.42;2896;Дальневосточный банк;1;0
409;Юр. лицо;3781774.56;5925;Центрально-Черноземный банк;20;0
410;ИП;4385223.69;3471;Московский банк;9;0
411;Юр. лицо;4389855.35;3141;Северо-Западный банк;14;1
412;ИП;1097054.94;5500;Среднерусский банк;5;1
413;ИП;4552479.18;4321;Байкальский банк;20;1
414;ИП;5657881.08;3056;Волго-Вятский банк;15;1
415;Юр. лицо;4841837.89;2451;Московский банк;16;0
416;Юр. лицо;2575465.2;6059;Центральный аппарат;24;0
417;ИП;2584497.05;4524;Московский банк;22;1
418;ИП;3660236.65;3493;Среднерусский банк;23;1
419;Юр. лицо;4280868.25;4298;Юго-Западный банк;9;1
420;ИП;2471343.0;4936;Дальневосточный банк;12;0
421;Юр. лицо;5280757.34;3690;Волго-Вятский банк;13;0
422;ИП;4238386.36;3907;Дальневосточный банк;23;1
423;ИП;5700736.8;3416;Поволжский банк;14;0
424;ИП;3001194.86;3782;Дальневосточный банк;12;1
425;Юр. лицо;5435691.44;6235;Сибирский банк;0;1
426;Юр. лицо;5613217.31;2876;Центрально-Черноземный банк;22;0
427;ИП;1679376.16;3558;Поволжский банк;13;1
428;Юр. лицо;5622445.66;6113;Уральский банк;21;0
429;Юр. лицо;5163249.68;6172;Волго-Вятский банк;16;1
430;Юр. лицо;237899.62;2824;Среднерусский банк;25;1
431;Юр. лицо;3143463.17;4758;Центральный аппарат;21;1
432;Юр. лицо;612979.62;3038;Среднерусский банк;2;1
433;Юр. лицо;3594332.96;6653;Центральный аппарат;10;0
434;ИП;3753586.77;6327;Центральный аппарат;19;0
435;Юр. лицо;1951533.77;5353;Волго-Вятский банк;14;0
436;ИП;224030.29;4595;Юго-Западный банк;20;1
437;Юр. лицо;1944889.26;3805;Среднерусский банк;20;0
438;ИП;2029173.57;5639;Сибирский банк;24;0
439;Юр. лицо;3674140.24;4963;Среднерусский банк;7;1
440;Юр. лицо;2441596.06;3912;Сибирский банк;7;1
441;ИП;5004030.7;3590;Волго-Вятский банк;20;0
442;ИП;3674177.43;3136;Московский банк;13;0
443;ИП;1342250.58;5919;Среднерусский банк;16;1
444;ИП;3584846.81;5093;Юго-Западный банк;24;1
445;Юр. лицо;3482182.63;3639;Центрально-Черноземный банк;7;1
446;ИП;1167101.23;2849;Байкальский банк;10;1
447;ИП;1517150.95;6245;Сибирский банк;13;0
448;ИП;3139322.13;6518;Дальневосточный банк;24;0
449;ИП;4962969.14;6108;Юго-Западный банк;15;0
450;ИП;3996492.64;6476;Центральный аппарат;12;1
451;Юр. лицо;3864487.53;4775;Байкальский банк;13;0
452;ИП;1088931.29;4239;Сибирский банк;5;1
453;Юр. лицо;377909.57;3125;Байкальский банк;15;1
454;ИП;3854520.21;5179;Поволжский банк;16;1
455;ИП;2936700.09;4782;Центральный аппарат;13;0
456;Юр. лицо;2478800.46;2984;Дальневосточный банк;21;1
457;Юр. лицо;2566155.99;5656;Московский банк;14;1
458;Юр. лицо;931718.78;5273;Волго-Вятский банк;11;1
459;ИП;4377496.0;6425;Центрально-Черноземный банк;13;0
460;Юр. лицо;2536672.12;4156;Среднерусский банк;24;1
461;ИП;2308437.38;4081;Сибирский банк;11;1
462;Юр. лицо;1713616.33;5648;Дальневосточный банк;15;0
463;ИП;3100147.41;2823;Поволжский банк;25;1
464;Юр. лицо;1798016.19;5779;Центральный аппарат;14;0
465;ИП;4677797.23;2664;Центрально-Черноземный банк;9;1
466;ИП;4027256.5;3830;Центрально-Черноземный банк;7;0
467;ИП;823119.39;6424;Уральский банк;15;1
468;ИП;2151628.75;4194;Центральный аппарат;8;0
469;ИП;1520483.21;5685;Волго-Вятский банк;12;1
470;Юр. лицо;1780893.19;4611;Сибирский банк;18;1
471;Юр. лицо;5039895.57;3545;Центральный аппарат;13;1
472;Юр. лицо;4171062.44;3717;Дальневосточный банк;1;0
473;ИП;1730755.37;5131;Сибирский банк;24;1
474;ИП;1744750.42;5472;Центральный аппарат;11;0
475;ИП;2035622.11;5949;Юго-Западный банк;11;1
476;ИП;5704338.92;3163;Среднерусский банк;5;1
477;ИП;4120782.64;4842;Поволжский банк;9;0
478;ИП;5533314.3;6357;Северо-Западный банк;15;1
479;ИП;172777.2;4016;Байкальский банк;10;0
480;Юр. лицо;3645295.38;4969;Уральский банк;18;0
481;Юр. лицо;4406489.49;2796;Центрально-Черноземный банк;25;0
482;ИП;4823195.19;2806;Сибирский банк;18;0
483;Юр. лицо;2026336.22;6614;Среднерусский банк;1;1
484;ИП;5406602.81;5367;Дальневосточный банк;13;1
485;Юр. лицо;5295530.07;2785;Дальневосточный банк;3;0
486;Юр. лицо;2881495.86;5787;Московский банк;22;0
487;Юр. лицо;2770020.28;4195;Центральный аппарат;6;1
488;Юр. лицо;1873937.37;3416;Поволжский банк;3;1
489;Юр. лицо;4374687.78;4437;Уральский банк;9;1
490;Юр. лицо;2342998.58;3007;Поволжский банк;0;0
491;Юр. лицо;1315586.93;4660;Сибирский банк;25;0
492;Юр. лицо;1823997.82;2778;Центральный аппарат;8;1
493;Юр. лицо;3283972.33;4980;Уральский банк;5;1
494;Юр. лицо;5352700.74;5311;Поволжский банк;1;1
495;ИП;5270603.2;3263;Дальневосточный банк;20;0
496;Юр. лицо;2914725.49;3328;Дальневосточный банк;24;0
497;Юр. лицо;1082534.92;5174;Поволжский банк;17;1
498;Юр. лицо;3817344.26;3053;Юго-Западный банк;19;1
499;Юр. лицо;4562732.17;4444;Уральский банк;18;1
500;Юр. лицо;2079988.72;3306;Сибирский банк;20;0
501;ИП;3358749.64;6055;Дальневосточный банк;23;0
502;Юр. лицо;1788878.8;6046;Дальневосточный банк;25;0
503;Юр. лицо;852097.49;5986;Уральский банк;3;1
504;Юр. лицо;3583645.19;2550;Среднерусский банк;13;0
505;ИП;2574208.65;4304;Северо-Западный банк;12;0
506;ИП;4424590.56;5455;Северо-Западный банк;4;0
507;ИП;4407622.89;4205;Байкальский банк;25;0
508;ИП;5378977.73;4963;Северо-Западный банк;22;1
509;ИП;5614057.08;5018;Юго-Западный банк;18;0
510;ИП;477729.03;6272;Среднерусский банк;1;0
511;Юр. лицо;175309.1;2697;Центрально-Черноземный банк;12;1
512;Юр. лицо;2591930.23;3630;Среднерусский банк;7;1
513;Юр. лицо;2196548.82;4786;Центрально-Черноземный банк;12;0
514;Юр. лицо;1375877.84;4063;Сибирский банк;13;1
515;Юр. лицо;1377002.07;6551;Поволжский банк;7;1
516;Юр. лицо;1506080.31;6201;Московский банк;20;1
517;Юр. лицо;1092851.77;6458;Уральский банк;14;1
518;Юр. лицо;3652021.57;2525;Среднерусский банк;15;1
519;ИП;5567138.81;4299;Центрально-Черноземный банк;2;0
520;ИП;3171662.0;3367;Волго-Вятский банк;19;1
521;Юр. лицо;3733758.71;3219;Уральский банк;10;1
522;ИП;4190761.57;2410;Юго-Западный банк;6;0
523;ИП;843744.97;5584;Северо-Западный банк;20;0
524;Юр. лицо;4708621.16;4952;Поволжский банк;24;1
525;ИП;4770656.79;3968;Дальневосточный банк;24;0
526;ИП;3020688.58;3252;Поволжский банк;8;1
527;Юр. лицо;5505004.48;2817;Дальневосточный банк;6;0
528;Юр. лицо;1283220.72;4203;Волго-Вятский банк;7;1
529;Юр. лицо;3345923.35;4618;Центрально-Черноземный банк;18;1
530;Юр. лицо;4207062.69;5522;Северо-Западный банк;17;1
531;Юр. лицо;4162338.62;5119;Дальневосточный банк;1;0
532;ИП;1169507.96;2404;Дальневосточный банк;25;0
533;Юр. лицо;4009342.3;6558;Среднерусский банк;25;0
534;ИП;5320324.62;4406;Московский банк;10;0
535;ИП;2007767.65;5810;Уральский банк;20;0
536;ИП;2721184.68;5179;Уральский банк;14;0
537;ИП;1963641.51;3174;Юго-Западный банк;15;1
538;Юр. лицо;2135935.17;4065;Дальневосточный банк;22;1
539;ИП;1663269.39;5026;Центрально-Черноземный банк;21;1
540;Юр. лицо;3376403.45;3101;Среднерусский банк;20;0
541;Юр. лицо;1808391.79;3644;Московский банк;23;0
542;Юр. лицо;3781097.72;4000;Среднерусский банк;19;0
543;ИП;3638326.34;3620;Байкальский банк;18;1
544;Юр. лицо;2373144.15;4889;Дальневосточный банк;22;0
545;Юр. лицо;5614619.12;3977;Юго-Западный банк;11;0
546;Юр. лицо;5335346.72;5193;Поволжский банк;21;0
547;ИП;4070303.04;4982;Поволжский банк;14;0
548;ИП;3565849.68;3104;Центрально-Черноземный банк;12;0
549;Юр. лицо;2626193.33;2773;Сибирский банк;7;1
550;Юр. лицо;724314.17;2486;Северо-Западный банк;1;0
551;ИП;5494659.44;3029;Северо-Западный банк;24;0
552;ИП;2392341.05;3760;Среднерусский банк;7;1
553;Юр. лицо;1822629.14;3507;Сибирский банк;4;0
554;ИП;3138254.61;6365;Северо-Западный банк;8;0
555;Юр. лицо;5555994.44;3581;Дальневосточный банк;2;1
556;ИП;4496766.47;3730;Байкальский банк;11;1
557;Юр. лицо;595956.57;3030;Волго-Вятский банк;3;0
558;ИП;4594493.48;5454;Московский банк;23;1
559;Юр. лицо;4670389.95;5306;Центрально-Черноземный банк;7;0
560;Юр. лицо;4298864.52;3278;Юго-Западный банк;23;0
561;ИП;5368702.75;4575;Поволжский банк;12;1
562;Юр. лицо;5391809.9;6014;Волго-Вятский банк;25;1
563;Юр. лицо;1666897.32;4304;Центральный аппарат;4;1
564;ИП;4106538.44;4143;Северо-Западный банк;17;1
565;ИП;1883326.51;6537;Северо-Западный банк;20;0
566;Юр. лицо;4856122.74;4611;Уральский банк;6;1
567;Юр. лицо;4053960.02;4084;Среднерусский банк;5;1
568;ИП;461818.42;5169;Московский банк;15;0
569;Юр. лицо;3025154.59;3371;Юго-Западный банк;14;0
570;Юр. лицо;3116160.34;4760;Сибирский банк;1;1
571;Юр. лицо;2423728.24;2915;Поволжский банк;13;0
572;Юр. лицо;1924635.66;3582;Волго-Вятский банк;22;0
573;Юр. лицо;5551554.36;3262;Сибирский банк;3;1
574;Юр. лицо;2193883.66;5675;Центральный аппарат;24;0
575;ИП;467795.44;4062;Центральный аппарат;24;0
576;ИП;2807336.47;4613;Поволжский банк;20;0
577;ИП;4964703.54;3803;Среднерусский банк;21;1
578;ИП;977912.16;3458;Юго-Западный банк;7;1
579;ИП;3858977.77;3676;Поволжский банк;18;1
580;Юр. лицо;3102698.17;2758;Поволжский банк;2;0
581;Юр. лицо;4144360.57;5763;Центрально-Черноземный банк;3;1
582;Юр. лицо;4245224.02;5699;Байкальский банк;23;1
583;Юр. лицо;2375730.59;2962;Сибирский банк;9;0
584;Юр. лицо;5293315.49;5837;Дальневосточный банк;9;0
585;Юр. лицо;5117376.58;5505;Дальневосточный банк;12;1
586;Юр. лицо;3682618.25;5095;Северо-Западный банк;20;1
587;ИП;3372452.79;3259;Дальневосточный банк;2;1
588;Юр. лицо;5104393.56;5364;Волго-Вятский банк;8;0
589;ИП;2629149.57;5288;Поволжский банк;7;1
590;ИП;3722573.48;4002;Дальневосточный банк;5;0
591;ИП;470239.88;6326;Среднерусский банк;9;1
592;ИП;5602523.04;3903;Байкальский банк;24;1
593;ИП;4863526.28;4326;Северо-Западный банк;11;1
594;Юр. лицо;1663650.4;6024;Центральный аппарат;6;1
595;ИП;5017067.23;5097;Северо-Западный банк;3;0
596;ИП;141433.6;2980;Сибирский банк;8;1
597;Юр. лицо;1434513.19;3127;Юго-Западный банк;8;0
598;Юр. лицо;4776800.67;3789;Волго-Вятский банк;2;1
599;ИП;1133442.51;5781;Среднерусский банк;1;0
600;ИП;591526.32;5900;Центральный аппарат;6;1
601;ИП;3442328.14;4187;Московский банк;22;0
602;Юр. лицо;3854065.59;5291;Уральский банк;10;1
603;Юр. лицо;1621980.52;5536;Центрально-Черноземный банк;2;1
604;Юр. лицо;1510360.49;4751;Северо-Западный банк;14;0
605;Юр. лицо;608495.19;5685;Уральский банк;9;0
606;ИП;1763012.15;2813;Поволжский банк;6;1
607;Юр. лицо;4539923.64;4514;Юго-Западный банк;15;1
608;Юр. лицо;1223968.29;4928;Дальневосточный банк;0;1
609;Юр. лицо;4563412.25;5217;Байкальский банк;20;0
610;ИП;5400115.4;3495;Дальневосточный банк;19;0
611;ИП;1369923.1;5818;Юго-Западный банк;18;1
612;Юр. лицо;1065185.21;3876;Байкальский банк;9;0
613;ИП;4233266.87;2504;Московский банк;9;0
614;Юр. лицо;4093169.93;5864;Волго-Вятский банк;0;0
615;ИП;937985.62;4814;Сибирский банк;25;0
616;ИП;2200798.78;2751;Сибирский банк;5;0
617;ИП;3579816.72;6289;Центральный аппарат;3;1
618;Юр. лицо;774034.82;6087;Байкальский банк;15;1
619;ИП;1328755.1;4100;Волго-Вятский банк;22;0
620;ИП;2847413.52;5069;Поволжский банк;10;1
621;Юр. лицо;810544.66;5976;Уральский банк;17;1
622;ИП;2270287.24;3307;Сибирский банк;11;1
623;Юр. лицо;1617364.81;3970;Северо-Западный банк;3;1
624;Юр. лицо;4437501.82;2461;Волго-Вятский банк;13;1
625;Юр. лицо;2930458.98;3347;Юго-Западный банк;10;1
626;Юр. лицо;879718.01;4450;Северо-Западный банк;25;0
627;ИП;4865806.63;4820;Поволжский банк;0;0
628;Юр. лицо;3515571.5;2523;Поволжский банк;6;0
629;ИП;888597.35;4857;Сибирский банк;9;0
630;ИП;4274864.78;4409;Центральный аппарат;5;0
631;ИП;3296652.47;5176;Уральский банк;14;0
632;Юр. лицо;4719414.6;2440;Центральный аппарат;11;1
633;Юр. лицо;477702.61;3850;Уральский банк;4;1
634;Юр. лицо;1165397.87;4694;Дальневосточный банк;1;1
635;Юр. лицо;859957.68;4670;Уральский банк;5;0
636;ИП;2994143.23;4189;Центрально-Черноземный банк;20;0
637;Юр. лицо;4937961.87;2429;Байкальский банк;24;1
638;Юр. лицо;3627016.41;6289;Московский банк;8;0
639;ИП;3374452.23;5203;Волго-Вятский банк;19;1
640;Юр. лицо;3652020.94;6203;Центральный аппарат;24;1
641;ИП;2269331.95;3851;Поволжский банк;16;1
642;ИП;3953062.87;5571;Московский банк;2;0
643;ИП;4167406.88;3894;Дальневосточный банк;6;1
644;ИП;5396559.14;3886;Волго-Вятский банк;4;1
645;Юр. лицо;110799.87;5199;Сибирский банк;2;1
646;Юр. лицо;1455818.58;4416;Волго-Вятский банк;21;1
647;ИП;1088313.4;4107;Уральский банк;17;1
648;Юр. лицо;5382876.09;6491;Юго-Западный банк;18;1
649;ИП;1110956.67;4063;Байкальский банк;25;0
650;Юр. лицо;1218245.19;5557;Московский банк;7;1
651;ИП;3131095.37;4581;Северо-Западный банк;23;0
652;ИП;3402008.36;6048;Центральный аппарат;17;0
653;Юр. лицо;3657784.77;4304;Поволжский банк;4;1
654;Юр. лицо;4680738.07;4400;Уральский банк;22;0
655;Юр. лицо;2213593.56;4562;Байкальский банк;18;0
656;Юр. лицо;3710946.42;4216;Байкальский банк;8;0
657;Юр. лицо;648634.88;5335;Центральный аппарат;23;1
658;Юр. лицо;3614883.03;6587;Поволжский банк;16;0
659;ИП;3830691.5;3960;Байкальский банк;1;1
660;ИП;3513659.0;5961;Юго-Западный банк;4;0
661;Юр. лицо;3968879.47;5475;Дальневосточный банк;14;1
662;ИП;4131395.22;2955;Дальневосточный банк;19;0
663;Юр. лицо;4842813.39;4526;Поволжский банк;5;0
664;Юр. лицо;5445068.68;5352;Дальневосточный банк;6;0
665;Юр. лицо;1791224.45;2812;Дальневосточный банк;7;0
666;ИП;4305189.88;3613;Байкальский банк;5;1
667;Юр. лицо;3643348.93;4206;Среднерусский банк;17;1
668;ИП;3924209.84;4087;Поволжский банк;16;0
669;Юр. лицо;1001938.07;2367;Поволжский банк;11;0
670;ИП;521981.94;5209;Дальневосточный банк;6;1
671;ИП;2844897.12;5977;Центральный аппарат;3;0
672;Юр. лицо;697375.14;3292;Байкальский банк;19;1
673;ИП;705208.29;2979;Дальневосточный банк;5;0
674;ИП;4546956.75;5532;Московский банк;12;1
675;ИП;2487744.09;6411;Уральский банк;14;1
676;Юр. лицо;2786967.89;5824;Байкальский банк;20;0
677;ИП;5311036.43;2438;Юго-Западный банк;17;0
678;Юр. лицо;2746192.37;3527;Уральский банк;16;1
679;Юр. лицо;477026.83;2495;Московский банк;9;1
680;ИП;512258.0;2622;Северо-Западный банк;3;1
681;Юр. лицо;4969548.76;2916;Северо-Западный банк;1;1
682;Юр. лицо;2054079.32;3045;Московский банк;4;1
683;ИП;1933621.23;3312;Байкальский банк;18;0
684;Юр. лицо;271506.83;3475;Московский банк;8;1
685;Юр. лицо;5616644.65;2419;Байкальский банк;25;1
686;ИП;3077289.38;6520;Среднерусский банк;25;1
687;Юр. лицо;300041.24;4162;Северо-Западный банк;15;0
688;Юр. лицо;4155837.01;5502;Байкальский банк;9;0
689;ИП;5290318.59;5436;Центральный аппарат;1;1
690;Юр. лицо;2794458.07;5415;Центрально-Черноземный банк;9;1
691;ИП;2270081.23;3905;Дальневосточный банк;17;1
692;Юр. лицо;377299.44;4652;Московский банк;10;0
693;Юр. лицо;5309422.29;5704;Центральный аппарат;3;0
694;Юр. лицо;2206416.41;2987;Московский банк;11;1
695;ИП;2382111.41;4506;Волго-Вятский банк;20;0
696;Юр. лицо;823801.45;6077;Поволжский банк;13;0
697;Юр. лицо;597791.25;5430;Северо-Западный банк;14;0
698;Юр. лицо;642051.47;6419;Байкальский банк;7;0
699;ИП;163449.88;4972;Дальневосточный банк;17;1
700;ИП;5535786.12;6081;Сибирский банк;20;0
701;Юр. лицо;1650294.24;4002;Среднерусский банк;11;1
702;ИП;3092821.33;4642;Среднерусский банк;5;1
703;Юр. лицо;2731833.34;3181;Среднерусский банк;23;0
704;ИП;1448491.25;5306;Сибирский банк;13;0
705;ИП;1124564.32;6065;Байкальский банк;5;0
706;Юр. лицо;5147835.62;4977;Среднерусский банк;4;1
707;ИП;1172435.91;5437;Юго-Западный банк;16;0
708;Юр. лицо;938615.97;4492;Сибирский банк;13;1
709;Юр. лицо;5588818.17;3563;Байкальский банк;6;1
710;ИП;1182576.2;3888;Поволжский банк;7;1
711;ИП;4107722.55;3113;Сибирский банк;6;1
712;ИП;1019388.04;5244;Московский банк;24;0
713;Юр. лицо;2934423.57;4079;Байкальский банк;20;0
714;Юр. лицо;3190134.42;4693;Уральский банк;11;0
715;Юр. лицо;2134234.65;4925;Дальневосточный банк;7;1
716;Юр. лицо;4434801.07;6331;Центральный аппарат;11;0
717;ИП;555848.91;6634;Московский банк;19;1
718;ИП;5502569.3;2994;Байкальский банк;3;1
719;Юр. лицо;4600637.34;5956;Сибирский банк;14;0
720;ИП;4432427.33;4723;Центрально-Черноземный банк;0;1
721;Юр. лицо;4461440.86;4032;Северо-Западный банк;25;1
722;Юр. лицо;753203.5;3303;Дальневосточный банк;6;1
723;Юр. лицо;2155459.68;3519;Байкальский банк;11;0
724;ИП;4660145.33;2417;Среднерусский банк;13;0
725;Юр. лицо;3951310.63;6058;Юго-Западный банк;23;1
726;ИП;2812142.38;4315;Северо-Западный банк;2;1
727;Юр. лицо;1800507.85;5061;Дальневосточный банк;11;1
728;Юр. лицо;4883488.47;3582;Московский банк;16;0
729;ИП;2834845.06;4975;Московский банк;21;0
730;ИП;3055322.88;3952;Центрально-Черноземный банк;11;0
731;Юр. лицо;3436373.98;2532;Волго-Вятский банк;15;1
732;ИП;4069357.44;5972;Поволжский банк;21;1
733;Юр. лицо;606710.23;5822;Байкальский банк;0;0
734;ИП;5011838.37;4308;Сибирский банк;18;0
735;ИП;2669755.77;6333;Сибирский банк;3;0
736;Юр. лицо;1779870.76;5761;Северо-Западный банк;15;1
737;Юр. лицо;4049379.33;5816;Дальневосточный банк;1;1
738;Юр. лицо;1702716.54;3132;Дальневосточный банк;3;1
739;ИП;2686440.34;6589;Уральский банк;2;0
740;Юр. лицо;3863660.86;3311;Среднерусский банк;16;0
741;Юр. лицо;3835120.87;6206;Юго-Западный банк;24;0
742;ИП;5101320.16;4194;Среднерусский банк;20;1
743;Юр. лицо;442973.08;2927;Юго-Западный банк;5;1
744;Юр. лицо;1901149.71;3455;Московский банк;3;0
745;Юр. лицо;5474188.28;5841;Дальневосточный банк;9;1
746;ИП;2236980.71;4218;Московский банк;0;0
747;ИП;171475.48;2442;Дальневосточный банк;25;0
748;Юр. лицо;2703701.64;3606;Северо-Западный банк;15;1
749;Юр. лицо;5038760.43;3782;Юго-Западный банк;24;0
750;ИП;2899111.95;2443;Северо-Западный банк;22;0
751;ИП;281335.35;4580;Уральский банк;14;1
752;Юр. лицо;4510767.29;3080;Юго-Западный банк;10;0
753;Юр. лицо;4837119.8;6605;Среднерусский банк;9;0
754;Юр. лицо;3693918.35;3132;Сибирский банк;6;0
755;ИП;3845541.81;6438;Центральный аппарат;12;1
756;Юр. лицо;5636291.43;4660;Уральский банк;0;1
757;ИП;2318278.91;3507;Байкальский банк;21;0
758;Юр. лицо;3317557.48;3678;Сибирский банк;10;1
759;Юр. лицо;5197939.49;2438;Юго-Западный банк;21;0
760;ИП;5436857.22;3083;Дальневосточный банк;10;0
761;ИП;4266211.23;2853;Центрально-Черноземный банк;9;1
762;Юр. лицо;4054517.69;3725;Центрально-Черноземный банк;6;1
763;Юр. лицо;3057812.54;3435;Уральский банк;20;1
764;Юр. лицо;299349.23;5138;Уральский банк;15;1
765;Юр. лицо;948281.28;2718;Байкальский банк;16;0
766;ИП;4050429.41;4355;Дальневосточный банк;12;1
767;Юр. лицо;1836773.38;6030;Центрально-Черноземный банк;0;0
768;ИП;4935795.78;5218;Центрально-Черноземный банк;19;1
769;Юр. лицо;2558723.96;4042;Юго-Западный банк;8;1
770;Юр. лицо;3736059.44;5026;Уральский банк;0;0
771;Юр. лицо;3009600.28;4004;Волго-Вятский банк;21;1
772;ИП;2464376.72;2591;Байкальский банк;8;1
773;ИП;2042972.39;3248;Уральский банк;25;0
774;ИП;5526723.79;6637;Центральный аппарат;20;0
775;ИП;414366.68;5453;Уральский банк;4;0
776;ИП;5029450.7;4921;Центральный аппарат;2;1
777;Юр. лицо;5051565.79;3619;Уральский банк;11;0
778;ИП;2807826.99;6395;Поволжский банк;1;0
779;ИП;890963.73;3797;Центрально-Черноземный банк;21;1
780;ИП;5149491.8;5579;Уральский банк;1;1
781;ИП;5514638.35;6424;Сибирский банк;22;0
782;ИП;5145754.07;3977;Дальневосточный банк;7;0
783;ИП;2952136.66;3058;Сибирский банк;18;1
784;Юр. лицо;247399.87;5300;Московский банк;25;1
785;ИП;5203771.93;2725;Северо-Западный банк;16;1
786;Юр. лицо;2583795.17;4989;Северо-Западный банк;22;0
787;Юр. лицо;1765183.96;6503;Юго-Западный банк;4;1
788;ИП;2715443.0;6094;Поволжский банк;19;0
789;ИП;3675825.83;2882;Центрально-Черноземный банк;12;1
790;Юр. лицо;494030.03;3493;Центрально-Черноземный банк;23;0
791;ИП;4352568.41;2617;Уральский банк;10;1
792;Юр. лицо;443776.9;3433;Среднерусский банк;15;0
793;ИП;1991081.98;4538;Среднерусский банк;3;1
794;ИП;3132631.09;5709;Волго-Вятский банк;1;0
795;Юр. лицо;3313883.67;4066;Московский банк;17;0
796;ИП;2551395.91;3365;Центральный аппарат;0;1
797;ИП;4564855.67;3354;Среднерусский банк;20;0
798;Юр. лицо;3715878.1;5855;Волго-Вятский банк;19;1
799;ИП;4846633.16;4216;Волго-Вятский банк;0;1
800;Юр. лицо;3720323.25;4347;Волго-Вятский банк;5;1
801;Юр. лицо;439206.99;4426;Дальневосточный банк;6;1
802;ИП;2979862.44;5447;Центрально-Черноземный банк;5;1
803;Юр. лицо;3845823.16;3533;Уральский банк;15;1
804;ИП;2056945.31;6146;Юго-Западный банк;1;0
805;Юр. лицо;5306078.65;3931;Северо-Западный банк;2;0
806;Юр. лицо;1565498.1;3684;Среднерусский банк;1;1
807;Юр. лицо;5277923.54;5575;Среднерусский банк;5;0
808;ИП;4162185.42;6078;Поволжский банк;1;0
809;Юр. лицо;458198.57;3164;Байкальский банк;8;1
810;Юр. лицо;3525401.45;4721;Дальневосточный банк;7;0
811;ИП;3846724.17;2829;Поволжский банк;6;0
812;ИП;4290237.81;2402;Поволжский банк;13;1
813;ИП;219649.84;6195;Дальневосточный банк;24;0
814;Юр. лицо;2050785.7;6063;Среднерусский банк;13;0
815;ИП;4295853.67;5196;Байкальский банк;24;0
816;Юр. лицо;3541283.62;4122;Сибирский банк;18;0
817;Юр. лицо;4611088.58;5743;Среднерусский банк;18;0
818;Юр. лицо;1335310.66;3511;Юго-Западный банк;13;1
819;ИП;1559210.31;4365;Сибирский банк;19;1
820;ИП;135603.05;6234;Волго-Вятский банк;20;1
821;ИП;5623028.73;5794;Сибирский банк;23;0
822;ИП;1137486.7;2525;Юго-Западный банк;16;0
823;Юр. лицо;4226931.95;3946;Сибирский банк;24;1
824;Юр. лицо;3773746.8;5018;Северо-Западный банк;16;0
825;ИП;3722631.5;5034;Поволжский банк;8;1
826;Юр. лицо;98733.41;4005;Волго-Вятский банк;12;1
827;ИП;2424195.76;4060;Волго-Вятский банк;20;1
828;Юр. лицо;5564192.85;3539;Волго-Вятский банк;7;0
829;ИП;2251596.66;6038;Среднерусский банк;22;0
830;ИП;1443376.3;4400;Юго-Западный банк;3;0
831;Юр. лицо;1645633.26;6434;Поволжский банк;20;1
832;ИП;1007692.66;4120;Московский банк;11;1
833;Юр. лицо;565475.43;5959;Центрально-Черноземный банк;21;0
834;Юр. лицо;4371635.69;2515;Среднерусский банк;9;1
835;ИП;1019334.01;6657;Северо-Западный банк;12;1
836;Юр. лицо;5171884.06;3641;Дальневосточный банк;15;0
837;Юр. лицо;663892.83;5353;Центрально-Черноземный банк;23;0
838;ИП;3696105.1;4879;Байкальский банк;21;1
839;Юр. лицо;4679202.17;5608;Центральный аппарат;18;1
840;Юр. лицо;391612.71;6555;Байкальский банк;9;0
841;Юр. лицо;1424829.64;4454;Северо-Западный банк;13;0
842;Юр. лицо;2974144.57;3570;Волго-Вятский банк;13;0
843;Юр. лицо;4370774.51;2716;Уральский банк;10;1
844;Юр. лицо;95432.49;4213;Среднерусский банк;10;0
845;ИП;936014.06;4141;Юго-Западный банк;21;1
846;ИП;1105368.95;2535;Уральский банк;9;1
847;Юр. лицо;2307332.05;5546;Уральский банк;3;0
848;ИП;4171178.53;3978;Волго-Вятский банк;25;1
849;ИП;641627.44;5265;Сибирский банк;19;0
850;ИП;4492334.71;5307;Поволжский банк;17;1
851;ИП;915335.6;3511;Волго-Вятский банк;17;1
852;Юр. лицо;4256816.12;3818;Центрально-Черноземный банк;4;0
853;ИП;3609551.17;3263;Центральный аппарат;17;1
854;Юр. лицо;4669122.77;2718;Волго-Вятский банк;13;0
855;Юр. лицо;1148475.74;3685;Среднерусский банк;15;0
856;ИП;1196753.96;3860;Сибирский банк;14;0
857;ИП;929042.28;5469;Байкальский банк;22;0
858;Юр. лицо;2691498.7;3504;Северо-Западный банк;0;1
859;ИП;4355931.4;6219;Волго-Вятский банк;21;1
860;ИП;671144.98;5181;Байкальский банк;25;0
861;Юр. лицо;3671113.98;2754;Московский банк;5;1
862;Юр. лицо;991417.97;5233;Байкальский банк;8;1
863;ИП;4218702.55;3026;Сибирский банк;18;0
864;Юр. лицо;4215128.87;5682;Среднерусский банк;8;0
865;ИП;1569069.83;2538;Северо-Западный банк;5;0
866;Юр. лицо;3035361.18;5154;Северо-Западный банк;14;1
867;Юр. лицо;3640295.33;5194;Центральный аппарат;8;0
868;Юр. лицо;2568706.52;3492;Уральский банк;10;0
869;ИП;899517.03;5122;Северо-Западный банк;25;1
870;Юр. лицо;4260354.15;2975;Московский банк;13;0
871;ИП;4499533.15;2514;Поволжский банк;0;1
872;Юр. лицо;839213.05;3812;Центральный аппарат;10;0
873;Юр. лицо;3901500.07;3218;Дальневосточный банк;6;0
874;ИП;4707770.14;4098;Байкальский банк;9;0
875;Юр. лицо;122117.4;2584;Уральский банк;8;1
876;Юр. лицо;2044356.25;3594;Юго-Западный банк;14;0
877;Юр. лицо;3952637.85;4625;Волго-Вятский банк;6;0
878;Юр. лицо;4127500.63;2902;Байкальский банк;24;0
879;ИП;2855139.96;5588;Волго-Вятский банк;21;0
880;ИП;4995459.32;6647;Волго-Вятский банк;20;0
881;ИП;4164321.07;4942;Байкальский банк;22;0
882;Юр. лицо;1326604.32;5480;Центральный аппарат;1;0
883;Юр. лицо;1516388.82;5276;Среднерусский банк;14;1
884;Юр. лицо;646923.27;3115;Центрально-Черноземный банк;19;1
885;Юр. лицо;2087622.65;3568;Сибирский банк;23;1
886;Юр. лицо;4224251.43;3795;Юго-Западный банк;14;0
887;Юр. лицо;4971823.34;3279;Центральный аппарат;3;0
888;Юр. лицо;3113672.15;4651;Поволжский банк;15;1
889;ИП;1240068.49;6046;Северо-Западный банк;21;1
890;ИП;3733800.31;3493;Среднерусский банк;13;1
891;ИП;1860363.58;3521;Северо-Западный банк;6;0
892;Юр. лицо;4730566.69;2852;Центрально-Черноземный банк;0;0
893;ИП;531293.32;6487;Юго-Западный банк;19;1
894;Юр. лицо;5160025.39;3953;Юго-Западный банк;5;1
895;ИП;1564363.13;3982;Центрально-Черноземный банк;1;0
896;ИП;2071941.02;6457;Дальневосточный банк;5;1
897;ИП;2365157.23;2885;Московский банк;25;1
898;ИП;2450901.38;4579;Сибирский банк;1;1
899;Юр. лицо;3576289.29;6138;Уральский банк;0;0
900;ИП;381309.31;3074;Дальневосточный банк;11;0
901;Юр. лицо;4142744.61;4364;Волго-Вятский банк;19;0
902;ИП;5100153.42;4120;Волго-Вятский банк;19;1
903;ИП;213279.09;4839;Среднерусский банк;8;0
904;Юр. лицо;1429203.42;5962;Байкальский банк;4;1
905;ИП;3825081.75;6194;Северо-Западный банк;6;0
906;ИП;3645731.5;2927;Уральский банк;25;1
907;ИП;1609550.92;3838;Поволжский банк;19;1
908;ИП;1751894.2;2927;Байкальский банк;11;1
909;Юр. лицо;5283855.47;4660;Юго-Западный банк;17;1
910;Юр. лицо;3827996.63;6412;Поволжский банк;18;1
911;ИП;3685697.22;5059;Волго-Вятский банк;11;1
912;ИП;4672327.23;3036;Уральский банк;18;0
913;ИП;880422.44;3135;Байкальский банк;19;1
914;ИП;1331664.04;3626;Центральный аппарат;0;0
915;Юр. лицо;1083301.66;3358;Юго-Западный банк;25;1
916;ИП;2010272.14;3923;Байкальский банк;23;1
917;Юр. лицо;140055.17;3154;Центральный аппарат;13;1
918;Юр. лицо;4448841.52;5109;Юго-Западный банк;24;0
919;ИП;4758970.9;4493;Центральный аппарат;21;1
920;ИП;128993.83;5570;Уральский банк;21;0
921;Юр. лицо;4697421.56;5120;Центральный аппарат;7;0
922;ИП;3668871.49;5811;Среднерусский банк;17;1
923;ИП;5039358.33;2730;Уральский банк;21;1
924;Юр. лицо;3838656.95;3690;Среднерусский банк;21;1
925;Юр. лицо;1771823.38;4220;Волго-Вятский банк;18;1
926;Юр. лицо;3719799.39;4423;Волго-Вятский банк;19;1
927;ИП;3681686.93;2721;Уральский банк;17;0
928;Юр. лицо;973007.37;3257;Поволжский банк;10;1
929;ИП;592298.71;2597;Юго-Западный банк;21;0
930;ИП;3783897.18;6308;Среднерусский банк;8;0
931;ИП;3792747.35;4246;Уральский банк;21;0
932;Юр. лицо;1616205.7;6103;Московский банк;21;0
933;ИП;779745.31;5624;Московский банк;7;0
934;Юр. лицо;157031.93;5047;Юго-Западный банк;22;0
935;ИП;542067.33;6087;Сибирский банк;20;0
936;ИП;3101437.67;5164;Сибирский банк;0;0
937;ИП;2002277.29;3319;Центральный аппарат;25;0
938;Юр. лицо;3509849.05;3293;Сибирский банк;15;1
939;ИП;895546.1;4165;Центрально-Черноземный банк;10;0
940;Юр. лицо;5332865.61;6431;Северо-Западный банк;12;0
941;ИП;2980737.35;2725;Центрально-Черноземный банк;10;1
942;Юр. лицо;881465.49;6530;Юго-Западный банк;22;0
943;Юр. лицо;2950589.4;5254;Сибирский банк;25;0
944;ИП;108381.14;2914;Московский банк;8;1
945;ИП;4412084.53;3511;Уральский банк;5;1
946;ИП;4758371.45;3339;Волго-Вятский банк;11;1
947;ИП;676130.73;2570;Центральный аппарат;8;0
948;ИП;5322331.97;5076;Центральный аппарат;9;0
949;ИП;2047661.1;6437;Поволжский банк;6;1
950;Юр. лицо;506095.62;4066;Волго-Вятский банк;11;0
951;Юр. лицо;140941.27;2579;Поволжский банк;18;0
952;Юр. лицо;2629752.91;5365;Центрально-Черноземный банк;10;0
953;Юр. лицо;4606823.12;3781;Северо-Западный банк;7;1
954;Юр. лицо;449968.78;2844;Волго-Вятский банк;12;1
955;Юр. лицо;194508.19;4370;Дальневосточный банк;2;1
956;ИП;3470517.23;5145;Юго-Западный банк;15;0
957;ИП;725532.95;4549;Поволжский банк;12;0
958;Юр. лицо;5175899.93;2794;Уральский банк;4;0
959;ИП;3847403.1;4597;Сибирский банк;0;1
960;Юр. лицо;4566310.39;5559;Центральный аппарат;20;0
961;Юр. лицо;1718824.84;3807;Среднерусский банк;22;1
962;Юр. лицо;5025086.43;4198;Северо-Западный банк;12;0
963;ИП;4111208.62;6156;Дальневосточный банк;8;0
964;Юр. лицо;811228.9;4641;Поволжский банк;8;1
965;ИП;615961.25;2376;Волго-Вятский банк;7;0
966;Юр. лицо;263532.98;2447;Волго-Вятский банк;18;1
967;ИП;4949500.97;2395;Среднерусский банк;18;0
968;ИП;5562608.35;5254;Поволжский банк;25;1
969;Юр. лицо;4731811.51;3340;Уральский банк;4;1
970;Юр. лицо;4246397.36;5156;Московский банк;2;0
971;Юр. лицо;5245991.86;4773;Поволжский банк;19;0
972;Юр. лицо;4021099.36;2445;Среднерусский банк;2;0
973;ИП;652097.28;5833;Дальневосточный банк;24;0
974;Юр. лицо;3296787.07;6059;Юго-Западный банк;20;1
975;ИП;446507.85;5172;Поволжский банк;2;0
976;ИП;2008592.14;5360;Среднерусский банк;18;1
977;Юр. лицо;1581021.56;4011;Уральский банк;21;1
978;Юр. лицо;4618821.72;4619;Среднерусский банк;8;0
979;ИП;3124120.67;3573;Центрально-Черноземный банк;22;1
980;Юр. лицо;3775203.45;2886;Северо-Западный банк;18;1
981;ИП;3025756.22;4246;Юго-Западный банк;3;1
982;Юр. лицо;5535442.89;6489;Северо-Западный банк;21;0
983;Юр. лицо;3213291.11;2939;Уральский банк;21;0
984;ИП;3897306.98;2432;Уральский банк;2;0
985;ИП;630479.16;4355;Дальневосточный банк;3;0
986;ИП;772866.26;5506;Поволжский банк;24;1
987;ИП;4899579.63;3574;Юго-Западный банк;1;1
988;ИП;932481.22;5722;Центральный аппарат;21;0
989;Юр. лицо;871169.12;3010;Дальневосточный банк;5;1
990;Юр. лицо;3642813.32;3785;Байкальский банк;11;1
991;Юр. лицо;1296867.86;3609;Юго-Западный банк;21;0
992;Юр. лицо;645997.29;5485;Сибирский банк;6;0
993;Юр. лицо;1677149.71;3904;Волго-Вятский банк;1;0
994;Юр. лицо;4008498.65;5081;Центральный аппарат;0;0
995;Юр. лицо;4926421.52;4361;Дальневосточный банк;17;1
996;Юр. лицо;4413313.23;4996;Волго-Вятский банк;18;1
997;Юр. лицо;227580.27;4233;Центрально-Черноземный банк;17;1
998;ИП;822484.83;6409;Центральный аппарат;3;1
999;ИП;844243.05;3502;Центрально-Черноземный банк;7;0
